film_id,title,description,release_year,rental_duration,rental_rate,length,replacement_cost,special_features,language,category_id
1,Academy Dinosaur,A Epic Drama of a Feminist And a Mad Scientist who must Battle a Teacher in The Canadian Rockies,2006,6,0.99,86,20.99,"Deleted Scenes,Behind the Scenes",English,6
2,Ace Goldfinger,A Astounding Epistle of a Database Administrator And a Explorer who must Find a Car in Ancient China,2006,3,4.99,48,12.99,"Trailers,Deleted Scenes",English,11
3,Adaptation Holes,A Astounding Reflection of a Lumberjack And a Car who must Sink a Lumberjack in A Baloon Factory,2006,7,2.99,50,18.99,"Trailers,Deleted Scenes",English,6
4,Affair Prejudice,A Fanciful Documentary of a Frisbee And a Lumberjack who must Chase a Monkey in A Shark Tank,2006,5,2.99,117,26.99,"Commentaries,Behind the Scenes",English,0
5,African Egg,A Fast-Paced Documentary of a Pastry Chef And a Dentist who must Pursue a Forensic Psychologist in The Gulf of Mexico,2006,6,2.99,130,22.99,Deleted Scenes,English,0
6,Agent Truman,A Intrepid Panorama of a Robot And a Boy who must Escape a Sumo Wrestler in Ancient China,2006,3,2.99,169,17.99,Deleted Scenes,English,9
7,Airplane Sierra,A Touching Saga of a Hunter And a Butler who must Discover a Butler in A Jet Boat,2006,6,4.99,62,28.99,"Trailers,Deleted Scenes",English,0
8,Airport Pollock,A Epic Tale of a Moose And a Girl who must Confront a Monkey in Ancient India,2006,6,4.99,54,15.99,Trailers,English,0
9,Alabama Devil,A Thoughtful Panorama of a Database Administrator And a Mad Scientist who must Outgun a Mad Scientist in A Jet Boat,2006,3,2.99,114,21.99,"Trailers,Deleted Scenes",English,11
10,Aladdin Calendar,A Action-Packed Tale of a Man And a Lumberjack who must Reach a Feminist in Ancient China,2006,6,4.99,63,24.99,"Trailers,Deleted Scenes",English,15
11,Alamo Videotape,A Boring Epistle of a Butler And a Cat who must Fight a Pastry Chef in A MySQL Convention,2006,6,0.99,126,16.99,"Commentaries,Behind the Scenes",English,0
12,Alaska Phantom,A Fanciful Saga of a Hunter And a Pastry Chef who must Vanquish a Boy in Australia,2006,6,0.99,136,22.99,"Commentaries,Deleted Scenes",English,12
13,Ali Forever,A Action-Packed Drama of a Dentist And a Crocodile who must Battle a Feminist in The Canadian Rockies,2006,4,4.99,150,21.99,"Deleted Scenes,Behind the Scenes",English,0
15,Alien Center,A Brilliant Drama of a Cat And a Mad Scientist who must Battle a Feminist in A MySQL Convention,2006,5,2.99,46,10.99,"Trailers,Commentaries,Behind the Scenes",English,9
16,Alley Evolution,A Fast-Paced Drama of a Robot And a Composer who must Battle a Astronaut in New Orleans,2006,6,2.99,180,23.99,"Trailers,Commentaries",English,9
17,Alone Trip,A Fast-Paced Character Study of a Composer And a Dog who must Outgun a Boat in An Abandoned Fun House,2006,3,0.99,82,14.99,"Trailers,Behind the Scenes",English,12
18,Alter Victory,A Thoughtful Drama of a Composer And a Feminist who must Meet a Secret Agent in The Canadian Rockies,2006,6,0.99,57,27.99,"Trailers,Behind the Scenes",English,0
19,Amadeus Holy,A Emotional Display of a Pioneer And a Technical Writer who must Battle a Man in A Baloon,2006,6,0.99,113,20.99,"Commentaries,Deleted Scenes,Behind the Scenes",English,1
20,Amelie Hellfighters,A Boring Drama of a Woman And a Squirrel who must Conquer a Student in A Baloon,2006,4,4.99,79,23.99,"Commentaries,Deleted Scenes,Behind the Scenes",English,0
21,American Circus,A Insightful Drama of a Girl And a Astronaut who must Face a Database Administrator in A Shark Tank,2006,3,4.99,129,17.99,"Commentaries,Behind the Scenes",English,1
22,Amistad Midsummer,A Emotional Character Study of a Dentist And a Crocodile who must Meet a Sumo Wrestler in California,2006,6,2.99,85,10.99,"Commentaries,Behind the Scenes",English,0
23,Anaconda Confessions,A Lacklusture Display of a Dentist And a Dentist who must Fight a Girl in Australia,2006,3,0.99,92,9.99,"Trailers,Deleted Scenes",English,2
24,Analyze Hoosiers,A Thoughtful Display of a Explorer And a Pastry Chef who must Overcome a Feminist in The Sahara Desert,2006,6,2.99,181,19.99,"Trailers,Behind the Scenes",English,11
25,Angels Life,A Thoughtful Display of a Woman And a Astronaut who must Battle a Robot in Berlin,2006,3,2.99,74,15.99,Trailers,English,13
26,Annie Identity,A Amazing Panorama of a Pastry Chef And a Boat who must Escape a Woman in An Abandoned Amusement Park,2006,3,0.99,86,15.99,"Commentaries,Deleted Scenes",English,0
27,Anonymous Human,A Amazing Reflection of a Database Administrator And a Astronaut who must Outrace a Database Administrator in A Shark Tank,2006,7,0.99,179,12.99,"Deleted Scenes,Behind the Scenes",English,15
28,Anthem Luke,A Touching Panorama of a Waitress And a Woman who must Outrace a Dog in An Abandoned Amusement Park,2006,5,4.99,91,16.99,"Deleted Scenes,Behind the Scenes",English,0
29,Antitrust Tomatoes,A Fateful Yarn of a Womanizer And a Feminist who must Succumb a Database Administrator in Ancient India,2006,5,2.99,168,11.99,"Trailers,Commentaries,Deleted Scenes",English,1
30,Anything Savannah,A Epic Story of a Pastry Chef And a Woman who must Chase a Feminist in An Abandoned Fun House,2006,4,2.99,82,27.99,"Trailers,Deleted Scenes,Behind the Scenes",English,11
31,Apache Divine,A Awe-Inspiring Reflection of a Pastry Chef And a Teacher who must Overcome a Sumo Wrestler in A U-Boat,2006,5,4.99,92,16.99,"Commentaries,Deleted Scenes,Behind the Scenes",English,8
32,Apocalypse Flamingos,A Astounding Story of a Dog And a Squirrel who must Defeat a Woman in An Abandoned Amusement Park,2006,6,4.99,119,11.99,"Trailers,Commentaries",English,0
34,Arabia Dogma,A Touching Epistle of a Madman And a Mad Cow who must Defeat a Student in Nigeria,2006,6,0.99,62,29.99,"Commentaries,Deleted Scenes",English,11
35,Arachnophobia Rollercoaster,A Action-Packed Reflection of a Pastry Chef And a Composer who must Discover a Mad Scientist in The First Manned Space Station,2006,4,2.99,147,24.99,"Trailers,Deleted Scenes,Behind the Scenes",English,11
37,Arizona Bang,A Brilliant Panorama of a Mad Scientist And a Mad Cow who must Meet a Pioneer in A Monastery,2006,3,2.99,121,28.99,"Trailers,Deleted Scenes",English,4
39,Armageddon Lost,A Fast-Paced Tale of a Boat And a Teacher who must Succumb a Composer in An Abandoned Mine Shaft,2006,5,0.99,99,10.99,Trailers,English,0
40,Army Flintstones,A Boring Saga of a Database Administrator And a Womanizer who must Battle a Waitress in Nigeria,2006,4,0.99,148,22.99,"Trailers,Commentaries",English,6
42,Artist Coldblooded,A Stunning Reflection of a Robot And a Moose who must Challenge a Woman in California,2006,5,2.99,170,10.99,"Trailers,Behind the Scenes",English,15
43,Atlantis Cause,A Thrilling Yarn of a Feminist And a Hunter who must Fight a Technical Writer in A Shark Tank,2006,6,2.99,170,15.99,Behind the Scenes,English,8
44,Attacks Hate,A Fast-Paced Panorama of a Technical Writer And a Mad Scientist who must Find a Feminist in An Abandoned Mine Shaft,2006,5,4.99,113,21.99,"Trailers,Behind the Scenes",English,14
45,Attraction Newton,A Astounding Panorama of a Composer And a Frisbee who must Reach a Husband in Ancient Japan,2006,5,4.99,83,14.99,"Trailers,Behind the Scenes",English,13
46,Autumn Crow,A Beautiful Tale of a Dentist And a Mad Cow who must Battle a Moose in The Sahara Desert,2006,3,4.99,108,13.99,"Trailers,Commentaries,Deleted Scenes,Behind the Scenes",English,0
47,Baby Hall,A Boring Character Study of a A Shark And a Girl who must Outrace a Feminist in An Abandoned Mine Shaft,2006,5,4.99,153,23.99,Commentaries,English,9
48,Backlash Undefeated,A Stunning Character Study of a Mad Scientist And a Mad Cow who must Kill a Car in A Monastery,2006,3,4.99,118,24.99,"Trailers,Behind the Scenes",English,0
49,Badman Dawn,A Emotional Panorama of a Pioneer And a Composer who must Escape a Mad Scientist in A Jet Boat,2006,6,2.99,162,22.99,"Trailers,Commentaries,Behind the Scenes",English,0
50,Baked Cleopatra,A Stunning Drama of a Forensic Psychologist And a Husband who must Overcome a Waitress in A Monastery,2006,3,2.99,182,20.99,"Commentaries,Behind the Scenes",English,0
51,Balloon Homeward,A Insightful Panorama of a Forensic Psychologist And a Mad Cow who must Build a Mad Scientist in The First Manned Space Station,2006,5,2.99,75,10.99,Deleted Scenes,English,0
52,Ballroom Mockingbird,A Thrilling Documentary of a Composer And a Monkey who must Find a Feminist in California,2006,6,0.99,173,29.99,"Commentaries,Deleted Scenes",English,9
53,Bang Kwai,A Epic Drama of a Madman And a Cat who must Face a A Shark in An Abandoned Amusement Park,2006,5,2.99,87,25.99,"Commentaries,Deleted Scenes,Behind the Scenes",English,8
54,Banger Pinocchio,A Awe-Inspiring Drama of a Car And a Pastry Chef who must Chase a Crocodile in The First Manned Space Station,2006,5,0.99,113,15.99,"Trailers,Commentaries,Deleted Scenes",English,12
55,Barbarella Streetcar,A Awe-Inspiring Story of a Feminist And a Cat who must Conquer a Dog in A Monastery,2006,6,2.99,65,27.99,Behind the Scenes,English,0
56,Barefoot Manchurian,A Intrepid Story of a Cat And a Student who must Vanquish a Girl in An Abandoned Amusement Park,2006,6,2.99,129,15.99,"Trailers,Commentaries",English,1
57,Basic Easy,A Stunning Epistle of a Man And a Husband who must Reach a Mad Scientist in A Jet Boat,2006,4,2.99,90,18.99,Deleted Scenes,English,0
58,Beach Heartbreakers,A Fateful Display of a Womanizer And a Mad Scientist who must Outgun a A Shark in Soviet Georgia,2006,6,2.99,122,16.99,"Deleted Scenes,Behind the Scenes",English,6
59,Bear Graceland,A Astounding Saga of a Dog And a Boy who must Kill a Teacher in The First Manned Space Station,2006,4,2.99,160,20.99,Deleted Scenes,English,0
60,Beast Hunchback,A Awe-Inspiring Epistle of a Student And a Squirrel who must Defeat a Boy in Ancient China,2006,3,4.99,89,22.99,"Deleted Scenes,Behind the Scenes",English,4
61,Beauty Grease,A Fast-Paced Display of a Composer And a Moose who must Sink a Robot in An Abandoned Mine Shaft,2006,5,4.99,175,28.99,"Trailers,Commentaries",English,0
62,Bed Highball,A Astounding Panorama of a Lumberjack And a Dog who must Redeem a Woman in An Abandoned Fun House,2006,5,2.99,106,23.99,"Trailers,Commentaries,Deleted Scenes",English,6
63,Bedazzled Married,A Astounding Character Study of a Madman And a Robot who must Meet a Mad Scientist in An Abandoned Fun House,2006,6,0.99,73,21.99,"Trailers,Deleted Scenes,Behind the Scenes",English,8
64,Beethoven Exorcist,A Epic Display of a Pioneer And a Student who must Challenge a Butler in The Gulf of Mexico,2006,6,0.99,151,26.99,"Commentaries,Behind the Scenes",English,7
65,Behavior Runaway,A Unbelieveable Drama of a Student And a Husband who must Outrace a Sumo Wrestler in Berlin,2006,3,4.99,100,20.99,"Trailers,Deleted Scenes,Behind the Scenes",English,11
66,Beneath Rush,A Astounding Panorama of a Man And a Monkey who must Discover a Man in The First Manned Space Station,2006,6,0.99,53,27.99,"Commentaries,Deleted Scenes",English,0
67,Berets Agent,A Taut Saga of a Crocodile And a Boy who must Overcome a Technical Writer in Ancient China,2006,5,2.99,77,24.99,Deleted Scenes,English,1
68,Betrayed Rear,A Emotional Character Study of a Boat And a Pioneer who must Find a Explorer in A Shark Tank,2006,5,4.99,122,26.99,"Commentaries,Deleted Scenes,Behind the Scenes",English,0
69,Beverly Outlaw,A Fanciful Documentary of a Womanizer And a Boat who must Defeat a Madman in The First Manned Space Station,2006,3,2.99,85,21.99,Trailers,English,14
70,Bikini Borrowers,A Astounding Drama of a Astronaut And a Cat who must Discover a Woman in The First Manned Space Station,2006,7,4.99,142,26.99,"Commentaries,Deleted Scenes",English,2
71,Bilko Anonymous,A Emotional Reflection of a Teacher And a Man who must Meet a Cat in The First Manned Space Station,2006,3,4.99,100,25.99,"Commentaries,Deleted Scenes,Behind the Scenes",English,8
72,Bill Others,A Stunning Saga of a Mad Scientist And a Forensic Psychologist who must Challenge a Squirrel in A MySQL Convention,2006,6,2.99,93,12.99,"Trailers,Commentaries",English,0
73,Bingo Talented,A Touching Tale of a Girl And a Crocodile who must Discover a Waitress in Nigeria,2006,5,2.99,150,22.99,"Trailers,Commentaries",English,14
74,Birch Antitrust,A Fanciful Panorama of a Husband And a Pioneer who must Outgun a Dog in A Baloon,2006,4,4.99,162,18.99,"Trailers,Commentaries,Deleted Scenes",English,12
75,Bird Independence,A Thrilling Documentary of a Car And a Student who must Sink a Hunter in The Canadian Rockies,2006,6,4.99,163,14.99,"Commentaries,Behind the Scenes",English,0
76,Birdcage Casper,A Fast-Paced Saga of a Frisbee And a Astronaut who must Overcome a Feminist in Ancient India,2006,4,0.99,103,23.99,"Commentaries,Deleted Scenes,Behind the Scenes",English,0
77,Birds Perdition,A Boring Story of a Womanizer And a Pioneer who must Face a Dog in California,2006,5,4.99,61,15.99,"Trailers,Behind the Scenes",English,13
78,Blackout Private,A Intrepid Yarn of a Pastry Chef And a Mad Scientist who must Challenge a Secret Agent in Ancient Japan,2006,7,2.99,85,12.99,"Trailers,Deleted Scenes",English,2
79,Blade Polish,A Thoughtful Character Study of a Frisbee And a Pastry Chef who must Fight a Dentist in The First Manned Space Station,2006,5,0.99,114,10.99,"Trailers,Behind the Scenes",English,7
80,Blanket Beverly,A Emotional Documentary of a Student And a Girl who must Build a Boat in Nigeria,2006,7,2.99,148,21.99,Trailers,English,8
81,Blindness Gun,A Touching Drama of a Robot And a Dentist who must Meet a Hunter in A Jet Boat,2006,6,4.99,103,29.99,"Trailers,Behind the Scenes",English,14
82,Blood Argonauts,A Boring Drama of a Explorer And a Man who must Kill a Lumberjack in A Manhattan Penthouse,2006,3,0.99,71,13.99,"Trailers,Commentaries,Behind the Scenes",English,0
83,Blues Instinct,A Insightful Documentary of a Boat And a Composer who must Meet a Forensic Psychologist in An Abandoned Fun House,2006,5,2.99,50,18.99,"Trailers,Deleted Scenes,Behind the Scenes",English,8
84,Boiled Dares,A Awe-Inspiring Story of a Waitress And a Dog who must Discover a Dentist in Ancient Japan,2006,7,4.99,102,13.99,"Trailers,Commentaries",English,16
85,Bonnie Holocaust,A Fast-Paced Story of a Crocodile And a Robot who must Find a Moose in Ancient Japan,2006,4,0.99,63,29.99,Deleted Scenes,English,6
86,Boogie Amelie,A Lacklusture Character Study of a Husband And a Sumo Wrestler who must Succumb a Technical Writer in The Gulf of Mexico,2006,6,4.99,121,11.99,"Commentaries,Behind the Scenes",English,12
88,Born Spinal,A Touching Epistle of a Frisbee And a Husband who must Pursue a Student in Nigeria,2006,7,4.99,179,17.99,"Trailers,Commentaries,Deleted Scenes",English,16
89,Borrowers Bedazzled,A Brilliant Epistle of a Teacher And a Sumo Wrestler who must Defeat a Man in An Abandoned Fun House,2006,7,0.99,63,22.99,"Commentaries,Deleted Scenes,Behind the Scenes",English,2
90,Boulevard Mob,A Fateful Epistle of a Moose And a Monkey who must Confront a Lumberjack in Ancient China,2006,3,0.99,63,11.99,Trailers,English,13
91,Bound Cheaper,A Thrilling Panorama of a Database Administrator And a Astronaut who must Challenge a Lumberjack in A Baloon,2006,5,0.99,98,17.99,Behind the Scenes,English,4
92,Bowfinger Gables,A Fast-Paced Yarn of a Waitress And a Composer who must Outgun a Dentist in California,2006,7,4.99,72,19.99,"Trailers,Deleted Scenes",English,11
93,Brannigan Sunrise,A Amazing Epistle of a Moose And a Crocodile who must Outrace a Dog in Berlin,2006,4,4.99,121,27.99,Trailers,English,13
94,Braveheart Human,A Insightful Story of a Dog And a Pastry Chef who must Battle a Girl in Berlin,2006,7,2.99,176,14.99,"Trailers,Deleted Scenes",English,0
95,Breakfast Goldfinger,A Beautiful Reflection of a Student And a Student who must Fight a Moose in Berlin,2006,5,4.99,123,18.99,"Trailers,Commentaries,Deleted Scenes",English,0
96,Breaking Home,A Beautiful Display of a Secret Agent And a Monkey who must Battle a Sumo Wrestler in An Abandoned Mine Shaft,2006,4,2.99,169,21.99,"Trailers,Commentaries",English,13
97,Bride Intrigue,A Epic Tale of a Robot And a Monkey who must Vanquish a Man in New Orleans,2006,7,0.99,56,24.99,"Trailers,Commentaries,Behind the Scenes",English,0
98,Bright Encounters,A Fateful Yarn of a Lumberjack And a Feminist who must Conquer a Student in A Jet Boat,2006,4,4.99,73,12.99,Trailers,English,0
99,Bringing Hysterical,A Fateful Saga of a A Shark And a Technical Writer who must Find a Woman in A Jet Boat,2006,7,2.99,136,14.99,Trailers,English,0
100,Brooklyn Desert,A Beautiful Drama of a Dentist And a Composer who must Battle a Sumo Wrestler in The First Manned Space Station,2006,7,4.99,161,21.99,Commentaries,English,0
101,Brotherhood Blanket,A Fateful Character Study of a Butler And a Technical Writer who must Sink a Astronaut in Ancient Japan,2006,3,0.99,73,26.99,Behind the Scenes,English,6
102,Bubble Grosse,A Awe-Inspiring Panorama of a Crocodile And a Moose who must Confront a Girl in A Baloon,2006,4,4.99,60,20.99,"Trailers,Commentaries,Deleted Scenes,Behind the Scenes",English,0
103,Bucket Brotherhood,A Amazing Display of a Girl And a Womanizer who must Succumb a Lumberjack in A Baloon Factory,2006,7,4.99,133,27.99,"Commentaries,Deleted Scenes",English,16
104,Bugsy Song,A Awe-Inspiring Character Study of a Secret Agent And a Boat who must Find a Squirrel in The First Manned Space Station,2006,4,2.99,119,17.99,Commentaries,English,0
105,Bull Shawshank,A Fanciful Drama of a Moose And a Squirrel who must Conquer a Pioneer in The Canadian Rockies,2006,6,0.99,125,21.99,Deleted Scenes,English,1
106,Bulworth Commandments,A Amazing Display of a Mad Cow And a Pioneer who must Redeem a Sumo Wrestler in The Outback,2006,4,2.99,61,14.99,Trailers,English,10
107,Bunch Minds,A Emotional Story of a Feminist And a Feminist who must Escape a Pastry Chef in A MySQL Convention,2006,4,2.99,63,13.99,Behind the Scenes,English,7
109,Butterfly Chocolat,A Fateful Story of a Girl And a Composer who must Conquer a Husband in A Shark Tank,2006,3,0.99,89,17.99,Behind the Scenes,English,0
110,Cabin Flash,A Stunning Epistle of a Boat And a Man who must Challenge a A Shark in A Baloon Factory,2006,4,0.99,53,25.99,"Commentaries,Deleted Scenes",English,3
111,Caddyshack Jedi,A Awe-Inspiring Epistle of a Woman And a Madman who must Fight a Robot in Soviet Georgia,2006,3,0.99,52,17.99,"Commentaries,Deleted Scenes",English,1
112,Calendar Gunfight,A Thrilling Drama of a Frisbee And a Lumberjack who must Sink a Man in Nigeria,2006,4,4.99,120,22.99,"Trailers,Commentaries,Behind the Scenes",English,9
113,California Birds,A Thrilling Yarn of a Database Administrator And a Robot who must Battle a Database Administrator in Ancient India,2006,4,4.99,75,19.99,"Trailers,Commentaries,Deleted Scenes",English,0
114,Camelot Vacation,A Touching Character Study of a Woman And a Waitress who must Battle a Pastry Chef in A MySQL Convention,2006,3,0.99,61,26.99,"Trailers,Commentaries,Deleted Scenes,Behind the Scenes",English,0
115,Campus Remember,A Astounding Drama of a Crocodile And a Mad Cow who must Build a Robot in A Jet Boat,2006,5,2.99,167,27.99,Behind the Scenes,English,1
116,Candidate Perdition,A Brilliant Epistle of a Composer And a Database Administrator who must Vanquish a Mad Scientist in The First Manned Space Station,2006,4,2.99,70,10.99,"Deleted Scenes,Behind the Scenes",English,4
117,Candles Grapes,A Fanciful Character Study of a Monkey And a Explorer who must Build a Astronaut in An Abandoned Fun House,2006,6,4.99,135,15.99,"Trailers,Deleted Scenes",English,10
118,Canyon Stock,A Thoughtful Reflection of a Waitress And a Feminist who must Escape a Squirrel in A Manhattan Penthouse,2006,7,0.99,85,26.99,"Trailers,Deleted Scenes",English,2
119,Caper Motions,A Fateful Saga of a Moose And a Car who must Pursue a Woman in A MySQL Convention,2006,6,0.99,176,22.99,"Trailers,Commentaries,Deleted Scenes",English,5
120,Caribbean Liberty,A Fanciful Tale of a Pioneer And a Technical Writer who must Outgun a Pioneer in A Shark Tank,2006,3,4.99,92,16.99,"Commentaries,Deleted Scenes",English,0
121,Carol Texas,A Astounding Character Study of a Composer And a Student who must Overcome a Composer in A Monastery,2006,4,2.99,151,15.99,"Trailers,Behind the Scenes",English,2
122,Carrie Bunch,A Amazing Epistle of a Student And a Astronaut who must Discover a Frisbee in The Canadian Rockies,2006,7,0.99,114,11.99,"Trailers,Commentaries,Behind the Scenes",English,11
123,Casablanca Super,A Amazing Panorama of a Crocodile And a Forensic Psychologist who must Pursue a Secret Agent in The First Manned Space Station,2006,6,4.99,85,22.99,"Trailers,Deleted Scenes,Behind the Scenes",English,0
124,Casper Dragonfly,A Intrepid Documentary of a Boat And a Crocodile who must Chase a Robot in The Sahara Desert,2006,3,4.99,163,16.99,Trailers,English,3
125,Cassidy Wyoming,A Intrepid Drama of a Frisbee And a Hunter who must Kill a Secret Agent in New Orleans,2006,5,2.99,61,19.99,"Commentaries,Behind the Scenes",English,16
126,Casualties Encino,A Insightful Yarn of a A Shark And a Pastry Chef who must Face a Boy in A Monastery,2006,3,4.99,179,16.99,Trailers,English,1
127,Cat Coneheads,A Fast-Paced Panorama of a Girl And a A Shark who must Confront a Boy in Ancient India,2006,5,4.99,112,14.99,"Commentaries,Deleted Scenes",English,5
129,Cause Date,A Taut Tale of a Explorer And a Pastry Chef who must Conquer a Hunter in A MySQL Convention,2006,3,2.99,179,16.99,"Commentaries,Deleted Scenes,Behind the Scenes",English,0
130,Celebrity Horn,A Amazing Documentary of a Secret Agent And a Astronaut who must Vanquish a Hunter in A Shark Tank,2006,7,0.99,110,24.99,"Deleted Scenes,Behind the Scenes",English,0
131,Center Dinosaur,A Beautiful Character Study of a Sumo Wrestler And a Dentist who must Find a Dog in California,2006,5,4.99,152,12.99,Deleted Scenes,English,4
132,Chainsaw Uptown,A Beautiful Documentary of a Boy And a Robot who must Discover a Squirrel in Australia,2006,6,0.99,114,25.99,"Deleted Scenes,Behind the Scenes",English,14
133,Chamber Italian,A Fateful Reflection of a Moose And a Husband who must Overcome a Monkey in Nigeria,2006,7,4.99,117,14.99,Trailers,English,12
134,Champion Flatliners,A Amazing Story of a Mad Cow And a Dog who must Kill a Husband in A Monastery,2006,4,4.99,51,21.99,Trailers,English,0
135,Chance Resurrection,A Astounding Story of a Forensic Psychologist And a Forensic Psychologist who must Overcome a Moose in Ancient China,2006,3,2.99,70,22.99,"Commentaries,Deleted Scenes,Behind the Scenes",English,15
136,Chaplin License,A Boring Drama of a Dog And a Forensic Psychologist who must Outrace a Explorer in Ancient India,2006,7,2.99,146,26.99,Behind the Scenes,English,13
137,Charade Duffel,A Action-Packed Display of a Man And a Waitress who must Build a Dog in A MySQL Convention,2006,3,2.99,66,21.99,"Trailers,Deleted Scenes,Behind the Scenes",English,0
138,Chariots Conspiracy,A Unbelieveable Epistle of a Robot And a Husband who must Chase a Robot in The First Manned Space Station,2006,5,2.99,71,29.99,"Deleted Scenes,Behind the Scenes",English,0
139,Chasing Fight,A Astounding Saga of a Technical Writer And a Butler who must Battle a Butler in A Shark Tank,2006,7,4.99,114,21.99,"Trailers,Commentaries",English,0
140,Cheaper Clyde,A Emotional Character Study of a Pioneer And a Girl who must Discover a Dog in Ancient Japan,2006,6,0.99,87,23.99,"Trailers,Commentaries,Behind the Scenes",English,14
141,Chicago North,A Fateful Yarn of a Mad Cow And a Waitress who must Battle a Student in California,2006,6,4.99,185,11.99,"Deleted Scenes,Behind the Scenes",English,0
142,Chicken Hellfighters,A Emotional Drama of a Dog And a Explorer who must Outrace a Technical Writer in Australia,2006,3,0.99,122,24.99,"Trailers,Commentaries,Deleted Scenes,Behind the Scenes",English,6
143,Chill Luck,A Lacklusture Epistle of a Boat And a Technical Writer who must Fight a A Shark in The Canadian Rockies,2006,6,0.99,142,17.99,"Trailers,Commentaries,Deleted Scenes",English,0
145,Chisum Behavior,A Epic Documentary of a Sumo Wrestler And a Butler who must Kill a Car in Ancient India,2006,5,4.99,124,25.99,"Trailers,Commentaries,Behind the Scenes",English,8
146,Chitty Lock,A Boring Epistle of a Boat And a Database Administrator who must Kill a Sumo Wrestler in The First Manned Space Station,2006,6,2.99,107,24.99,Commentaries,English,7
147,Chocolat Harry,A Action-Packed Epistle of a Dentist And a Moose who must Meet a Mad Cow in Ancient Japan,2006,5,0.99,101,16.99,"Commentaries,Behind the Scenes",English,8
149,Christmas Moonshine,A Action-Packed Epistle of a Feminist And a Astronaut who must Conquer a Boat in A Manhattan Penthouse,2006,7,0.99,150,21.99,"Trailers,Commentaries,Behind the Scenes",English,0
150,Cider Desire,A Stunning Character Study of a Composer And a Mad Cow who must Succumb a Cat in Soviet Georgia,2006,7,2.99,101,9.99,Behind the Scenes,English,6
151,Cincinatti Whisperer,A Brilliant Saga of a Pastry Chef And a Hunter who must Confront a Butler in Berlin,2006,5,4.99,143,26.99,Deleted Scenes,English,0
152,Circus Youth,A Thoughtful Drama of a Pastry Chef And a Dentist who must Pursue a Girl in A Baloon,2006,5,2.99,90,13.99,"Trailers,Deleted Scenes,Behind the Scenes",English,3
153,Citizen Shrek,A Fanciful Character Study of a Technical Writer And a Husband who must Redeem a Robot in The Outback,2006,7,0.99,165,18.99,"Commentaries,Deleted Scenes",English,14
154,Clash Freddy,A Amazing Yarn of a Composer And a Squirrel who must Escape a Astronaut in Australia,2006,6,2.99,81,12.99,"Commentaries,Deleted Scenes",English,2
155,Cleopatra Devil,A Fanciful Documentary of a Crocodile And a Technical Writer who must Fight a A Shark in A Baloon,2006,6,0.99,150,26.99,"Trailers,Deleted Scenes,Behind the Scenes",English,13
156,Clerks Angels,A Thrilling Display of a Sumo Wrestler And a Girl who must Confront a Man in A Baloon,2006,3,4.99,164,15.99,Commentaries,English,0
157,Clockwork Paradise,A Insightful Documentary of a Technical Writer And a Feminist who must Challenge a Cat in A Baloon,2006,7,0.99,143,29.99,"Trailers,Commentaries,Deleted Scenes,Behind the Scenes",English,0
158,Clones Pinocchio,A Amazing Drama of a Car And a Robot who must Pursue a Dentist in New Orleans,2006,6,2.99,124,16.99,Behind the Scenes,English,12
159,Closer Bang,A Unbelieveable Panorama of a Frisbee And a Hunter who must Vanquish a Monkey in Ancient India,2006,5,4.99,58,12.99,"Trailers,Behind the Scenes",English,5
160,Club Graffiti,A Epic Tale of a Pioneer And a Hunter who must Escape a Girl in A U-Boat,2006,4,0.99,65,12.99,"Trailers,Deleted Scenes",English,2
161,Clue Grail,A Taut Tale of a Butler And a Mad Scientist who must Build a Crocodile in Ancient China,2006,6,4.99,70,27.99,"Trailers,Commentaries,Behind the Scenes",English,0
162,Clueless Bucket,A Taut Tale of a Car And a Pioneer who must Conquer a Sumo Wrestler in An Abandoned Fun House,2006,4,2.99,95,13.99,"Trailers,Deleted Scenes,Behind the Scenes",English,1
163,Clyde Theory,A Beautiful Yarn of a Astronaut And a Frisbee who must Overcome a Explorer in A Jet Boat,2006,4,0.99,139,29.99,"Commentaries,Deleted Scenes,Behind the Scenes",English,13
164,Coast Rainbow,A Astounding Documentary of a Mad Cow And a Pioneer who must Challenge a Butler in The Sahara Desert,2006,4,0.99,55,20.99,"Trailers,Commentaries,Deleted Scenes,Behind the Scenes",English,6
165,Coldblooded Darling,A Brilliant Panorama of a Dentist And a Moose who must Find a Student in The Gulf of Mexico,2006,7,4.99,70,27.99,"Trailers,Deleted Scenes",English,14
166,Color Philadelphia,A Thoughtful Panorama of a Car And a Crocodile who must Sink a Monkey in The Sahara Desert,2006,6,2.99,149,19.99,"Commentaries,Behind the Scenes",English,4
167,Coma Head,A Awe-Inspiring Drama of a Boy And a Frisbee who must Escape a Pastry Chef in California,2006,6,4.99,109,10.99,Commentaries,English,0
168,Comancheros Enemy,A Boring Saga of a Lumberjack And a Monkey who must Find a Monkey in The Gulf of Mexico,2006,5,0.99,67,23.99,"Trailers,Behind the Scenes",English,3
169,Comforts Rush,A Unbelieveable Panorama of a Pioneer And a Husband who must Meet a Mad Cow in An Abandoned Mine Shaft,2006,3,2.99,76,19.99,"Commentaries,Behind the Scenes",English,0
170,Command Darling,A Awe-Inspiring Tale of a Forensic Psychologist And a Woman who must Challenge a Database Administrator in Ancient Japan,2006,5,4.99,120,28.99,Behind the Scenes,English,9
172,Coneheads Smoochy,A Touching Story of a Womanizer And a Composer who must Pursue a Husband in Nigeria,2006,7,4.99,112,12.99,"Deleted Scenes,Behind the Scenes",English,7
173,Confessions Maguire,A Insightful Story of a Car And a Boy who must Battle a Technical Writer in A Baloon,2006,7,4.99,65,25.99,Behind the Scenes,English,7
174,Confidential Interview,A Stunning Reflection of a Cat And a Woman who must Find a Astronaut in Ancient Japan,2006,6,4.99,180,13.99,Commentaries,English,0
175,Confused Candles,A Stunning Epistle of a Cat And a Forensic Psychologist who must Confront a Pioneer in A Baloon,2006,3,2.99,122,27.99,"Trailers,Commentaries,Deleted Scenes,Behind the Scenes",English,0
176,Congeniality Quest,A Touching Documentary of a Cat And a Pastry Chef who must Find a Lumberjack in A Baloon,2006,6,0.99,87,21.99,"Commentaries,Behind the Scenes",English,15
177,Connecticut Tramp,A Unbelieveable Drama of a Crocodile And a Mad Cow who must Reach a Dentist in A Shark Tank,2006,4,4.99,172,20.99,"Commentaries,Deleted Scenes",English,14
178,Connection Microcosmos,A Fateful Documentary of a Crocodile And a Husband who must Face a Husband in The First Manned Space Station,2006,6,0.99,115,25.99,"Deleted Scenes,Behind the Scenes",English,5
179,Conquerer Nuts,A Taut Drama of a Mad Scientist And a Man who must Escape a Pioneer in An Abandoned Mine Shaft,2006,4,4.99,173,14.99,"Commentaries,Deleted Scenes,Behind the Scenes",English,7
180,Conspiracy Spirit,A Awe-Inspiring Story of a Student And a Frisbee who must Conquer a Crocodile in An Abandoned Mine Shaft,2006,4,2.99,184,27.99,"Trailers,Commentaries",English,0
181,Contact Anonymous,A Insightful Display of a A Shark And a Monkey who must Face a Database Administrator in Ancient India,2006,7,2.99,166,10.99,Commentaries,English,0
182,Control Anthem,A Fateful Documentary of a Robot And a Student who must Battle a Cat in A Monastery,2006,7,4.99,185,9.99,Commentaries,English,5
183,Conversation Downhill,A Taut Character Study of a Husband And a Waitress who must Sink a Squirrel in A MySQL Convention,2006,4,4.99,112,14.99,Commentaries,English,0
184,Core Suit,A Unbelieveable Tale of a Car And a Explorer who must Confront a Boat in A Manhattan Penthouse,2006,3,2.99,92,24.99,Deleted Scenes,English,0
185,Cowboy Doom,A Astounding Drama of a Boy And a Lumberjack who must Fight a Butler in A Baloon,2006,3,2.99,146,10.99,"Commentaries,Deleted Scenes,Behind the Scenes",English,9
186,Craft Outfield,A Lacklusture Display of a Explorer And a Hunter who must Succumb a Database Administrator in A Baloon Factory,2006,6,0.99,64,17.99,"Deleted Scenes,Behind the Scenes",English,7
187,Cranes Reservoir,A Fanciful Documentary of a Teacher And a Dog who must Outgun a Forensic Psychologist in A Baloon Factory,2006,5,2.99,57,12.99,Commentaries,English,15
188,Crazy Home,A Fanciful Panorama of a Boy And a Woman who must Vanquish a Database Administrator in The Outback,2006,7,2.99,136,24.99,"Commentaries,Deleted Scenes",English,5
189,Creatures Shakespeare,A Emotional Drama of a Womanizer And a Squirrel who must Vanquish a Crocodile in Ancient India,2006,3,0.99,139,23.99,"Trailers,Deleted Scenes",English,0
190,Creepers Kane,A Awe-Inspiring Reflection of a Squirrel And a Boat who must Outrace a Car in A Jet Boat,2006,5,4.99,172,23.99,"Trailers,Behind the Scenes",English,0
191,Crooked Frogmen,A Unbelieveable Drama of a Hunter And a Database Administrator who must Battle a Crocodile in An Abandoned Amusement Park,2006,6,0.99,143,27.99,"Commentaries,Deleted Scenes,Behind the Scenes",English,3
193,Crossroads Casualties,A Intrepid Documentary of a Sumo Wrestler And a Astronaut who must Battle a Composer in The Outback,2006,5,2.99,153,20.99,"Trailers,Commentaries,Behind the Scenes",English,2
194,Crow Grease,A Awe-Inspiring Documentary of a Woman And a Husband who must Sink a Database Administrator in The First Manned Space Station,2006,6,0.99,104,22.99,"Trailers,Commentaries,Behind the Scenes",English,1
196,Cruelty Unforgiven,A Brilliant Tale of a Car And a Moose who must Battle a Dentist in Nigeria,2006,7,0.99,69,29.99,"Deleted Scenes,Behind the Scenes",English,0
197,Crusade Honey,A Fast-Paced Reflection of a Explorer And a Butler who must Battle a Madman in An Abandoned Amusement Park,2006,4,2.99,112,27.99,Commentaries,English,15
199,Cupboard Sinners,A Emotional Reflection of a Frisbee And a Boat who must Reach a Pastry Chef in An Abandoned Amusement Park,2006,4,2.99,56,29.99,Behind the Scenes,English,6
200,Curtain Videotape,A Boring Reflection of a Dentist And a Mad Cow who must Chase a Secret Agent in A Shark Tank,2006,7,0.99,133,27.99,"Trailers,Commentaries,Deleted Scenes,Behind the Scenes",English,10
201,Cyclone Family,A Lacklusture Drama of a Student And a Monkey who must Sink a Womanizer in A MySQL Convention,2006,7,2.99,176,18.99,"Trailers,Deleted Scenes",English,9
202,Daddy Pittsburgh,A Epic Story of a A Shark And a Student who must Confront a Explorer in The Gulf of Mexico,2006,5,4.99,161,26.99,"Deleted Scenes,Behind the Scenes",English,5
203,Daisy Menagerie,A Fast-Paced Saga of a Pastry Chef And a Monkey who must Sink a Composer in Ancient India,2006,5,4.99,84,9.99,"Trailers,Commentaries,Behind the Scenes",English,14
204,Dalmations Sweden,A Emotional Epistle of a Moose And a Hunter who must Overcome a Robot in A Manhattan Penthouse,2006,4,0.99,106,25.99,"Trailers,Commentaries,Deleted Scenes",English,7
205,Dances None,A Insightful Reflection of a A Shark And a Dog who must Kill a Butler in An Abandoned Amusement Park,2006,3,0.99,58,22.99,"Trailers,Commentaries,Deleted Scenes,Behind the Scenes",English,1
206,Dancing Fever,A Stunning Story of a Explorer And a Forensic Psychologist who must Face a Crocodile in A Shark Tank,2006,6,0.99,144,25.99,"Commentaries,Behind the Scenes",English,0
207,Dangerous Uptown,A Unbelieveable Story of a Mad Scientist And a Woman who must Overcome a Dog in California,2006,7,4.99,121,26.99,Commentaries,English,0
208,Dares Pluto,A Fateful Story of a Robot And a Dentist who must Defeat a Astronaut in New Orleans,2006,7,2.99,89,16.99,"Commentaries,Behind the Scenes",English,2
209,Darkness War,A Touching Documentary of a Husband And a Hunter who must Escape a Boy in The Sahara Desert,2006,6,2.99,99,24.99,"Deleted Scenes,Behind the Scenes",English,0
210,Darko Dorado,A Stunning Reflection of a Frisbee And a Husband who must Redeem a Dog in New Orleans,2006,3,4.99,130,13.99,"Trailers,Commentaries,Deleted Scenes,Behind the Scenes",English,0
211,Darling Breaking,A Brilliant Documentary of a Astronaut And a Squirrel who must Succumb a Student in The Gulf of Mexico,2006,7,4.99,165,20.99,"Commentaries,Behind the Scenes",English,0
212,Darn Forrester,A Fateful Story of a A Shark And a Explorer who must Succumb a Technical Writer in A Jet Boat,2006,7,4.99,185,14.99,Deleted Scenes,English,1
213,Date Speed,A Touching Saga of a Composer And a Moose who must Discover a Dentist in A MySQL Convention,2006,4,0.99,104,19.99,Commentaries,English,8
214,Daughter Madigan,A Beautiful Tale of a Hunter And a Mad Scientist who must Confront a Squirrel in The First Manned Space Station,2006,3,4.99,59,13.99,Trailers,English,3
215,Dawn Pond,A Thoughtful Documentary of a Dentist And a Forensic Psychologist who must Defeat a Waitress in Berlin,2006,4,4.99,57,27.99,"Trailers,Deleted Scenes,Behind the Scenes",English,0
216,Day Unfaithful,A Stunning Documentary of a Composer And a Mad Scientist who must Find a Technical Writer in A U-Boat,2006,3,4.99,113,16.99,"Trailers,Commentaries,Deleted Scenes,Behind the Scenes",English,13
218,Deceiver Betrayed,A Taut Story of a Moose And a Squirrel who must Build a Husband in Ancient India,2006,7,0.99,122,22.99,"Trailers,Commentaries,Deleted Scenes,Behind the Scenes",English,7
219,Deep Crusade,A Amazing Tale of a Crocodile And a Squirrel who must Discover a Composer in Australia,2006,6,4.99,51,20.99,"Commentaries,Behind the Scenes",English,6
220,Deer Virginian,A Thoughtful Story of a Mad Cow And a Womanizer who must Overcome a Mad Scientist in Soviet Georgia,2006,7,2.99,106,13.99,Deleted Scenes,English,0
222,Desert Poseidon,A Brilliant Documentary of a Butler And a Frisbee who must Build a Astronaut in New Orleans,2006,4,4.99,64,27.99,"Trailers,Behind the Scenes",English,11
223,Desire Alien,A Fast-Paced Tale of a Dog And a Forensic Psychologist who must Meet a Astronaut in The First Manned Space Station,2006,7,2.99,76,24.99,Deleted Scenes,English,2
